{"sample_rate": 0.002902494, "length_samples": 75752, "length_ms": 219.869725488}